<application>
  <component name="ProjectManager">
    <defaultProject>
      <component name="CMakeSettings">
        <configurations>
          <configuration PROFILE_NAME="Debug" CONFIG_NAME="Debug" />
        </configurations>
      </component>
      <component name="Encoding" addBOMForNewFiles="with NO BOM" />
      <component name="GradleLocalSettings">
        <option name="projectSyncType">
          <map>
            <entry key="$USER_HOME$/Documents/hepicar/android-consumer" value="PREVIEW" />
          </map>
        </option>
      </component>
      <component name="Kotlin2JsCompilerArguments">
        <option name="sourceMapEmbedSources" />
        <option name="sourceMapPrefix" />
      </component>
      <component name="ProjectDictionaryState">
        <dictionary name="mursitaffandi" />
      </component>
      <component name="ProjectInspectionProfilesVisibleTreeState">
        <entry key="Project Default">
          <profile-state>
            <expanded-state>
              <State>
                <id />
              </State>
            </expanded-state>
            <selected-state>
              <State>
                <id>Android</id>
              </State>
            </selected-state>
          </profile-state>
        </entry>
      </component>
      <component name="ProjectRootManager" version="2" languageLevel="JDK_1_3" />
      <component name="PropertiesComponent">
        <property name="android.project.structure.last.selected" value="SDK Location" />
        <property name="android.project.structure.proportion" value="0.15" />
        <property name="android.sdk.path" value="$USER_HOME$/Android/Sdk" />
        <property name="last_opened_file_path" value="$USER_HOME$/StudioProjects/courses" />
        <property name="settings.editor.selected.configurable" value="AndroidSdkUpdater" />
        <property name="settings.editor.splitter.proportion" value="0.27307326" />
      </component>
      <component name="RunManager">
        <configuration name="&lt;template&gt;" type="Applet" default="true" selected="false">
          <option name="MAIN_CLASS_NAME" />
          <option name="HTML_FILE_NAME" />
          <option name="HTML_USED" value="false" />
          <option name="WIDTH" value="400" />
          <option name="HEIGHT" value="300" />
          <option name="POLICY_FILE" value="$APPLICATION_HOME_DIR$/bin/appletviewer.policy" />
          <option name="VM_PARAMETERS" />
        </configuration>
        <configuration default="true" type="JUnit" factoryName="JUnit">
          <extension name="coverage" enabled="false" merge="false" sample_coverage="true" runner="idea" />
          <module name="" />
          <option name="ALTERNATIVE_JRE_PATH_ENABLED" value="false" />
          <option name="ALTERNATIVE_JRE_PATH" />
          <option name="PACKAGE_NAME" />
          <option name="MAIN_CLASS_NAME" />
          <option name="METHOD_NAME" />
          <option name="TEST_OBJECT" value="class" />
          <option name="VM_PARAMETERS" value="-ea" />
          <option name="PARAMETERS" />
          <option name="WORKING_DIRECTORY" value="$MODULE_DIR$" />
          <option name="ENV_VARIABLES" />
          <option name="PASS_PARENT_ENVS" value="true" />
          <option name="TEST_SEARCH_SCOPE">
            <value defaultName="singleModule" />
          </option>
          <envs />
          <patterns />
          <method />
        </configuration>
        <configuration name="&lt;template&gt;" type="#org.jetbrains.idea.devkit.run.PluginConfigurationType" default="true" selected="false">
          <option name="VM_PARAMETERS" value="-Xmx512m -Xms256m -XX:MaxPermSize=250m -ea" />
        </configuration>
        <configuration default="true" type="AndroidJUnit" factoryName="Android JUnit">
          <option name="TEST_OBJECT" value="class" />
          <option name="VM_PARAMETERS" />
          <option name="WORKING_DIRECTORY" />
          <method v="2">
            <option name="Make" enabled="true" />
          </method>
        </configuration>
        <configuration default="true" type="AndroidRunConfigurationType" factoryName="Android App">
          <option name="DEPLOY" value="true" />
          <option name="DEPLOY_APK_FROM_BUNDLE" value="false" />
          <option name="DEPLOY_AS_INSTANT" value="false" />
          <option name="ARTIFACT_NAME" value="" />
          <option name="PM_INSTALL_OPTIONS" value="" />
          <option name="DYNAMIC_FEATURES_DISABLED_LIST" value="" />
          <option name="ACTIVITY_EXTRA_FLAGS" value="" />
          <option name="MODE" value="default_activity" />
          <option name="CLEAR_LOGCAT" value="false" />
          <option name="SHOW_LOGCAT_AUTOMATICALLY" value="false" />
          <option name="SKIP_NOOP_APK_INSTALLATIONS" value="true" />
          <option name="FORCE_STOP_RUNNING_APP" value="true" />
          <option name="TARGET_SELECTION_MODE" value="SHOW_DIALOG" />
          <option name="USE_LAST_SELECTED_DEVICE" value="false" />
          <option name="PREFERRED_AVD" value="" />
          <option name="DEBUGGER_TYPE" value="Auto" />
          <Auto>
            <option name="USE_JAVA_AWARE_DEBUGGER" value="false" />
            <option name="SHOW_STATIC_VARS" value="true" />
            <option name="WORKING_DIR" value="" />
            <option name="TARGET_LOGGING_CHANNELS" value="lldb process:gdb-remote packets" />
            <option name="SHOW_OPTIMIZED_WARNING" value="true" />
          </Auto>
          <Hybrid>
            <option name="USE_JAVA_AWARE_DEBUGGER" value="false" />
            <option name="SHOW_STATIC_VARS" value="true" />
            <option name="WORKING_DIR" value="" />
            <option name="TARGET_LOGGING_CHANNELS" value="lldb process:gdb-remote packets" />
            <option name="SHOW_OPTIMIZED_WARNING" value="true" />
          </Hybrid>
          <Java />
          <Native>
            <option name="USE_JAVA_AWARE_DEBUGGER" value="false" />
            <option name="SHOW_STATIC_VARS" value="true" />
            <option name="WORKING_DIR" value="" />
            <option name="TARGET_LOGGING_CHANNELS" value="lldb process:gdb-remote packets" />
            <option name="SHOW_OPTIMIZED_WARNING" value="true" />
          </Native>
          <Profilers>
            <option name="ADVANCED_PROFILING_ENABLED" value="false" />
            <option name="STARTUP_CPU_PROFILING_ENABLED" value="false" />
            <option name="STARTUP_CPU_PROFILING_CONFIGURATION_NAME" value="Sample Java Methods" />
          </Profilers>
          <option name="DEEP_LINK" value="" />
          <option name="ACTIVITY_CLASS" value="" />
          <method v="2">
            <option name="Android.Gradle.BeforeRunTask" enabled="true" />
            <option name="com.android.instantApps.provision.BeforeRunTask" enabled="true" clearCache="false" clearProvisionedDevices="false" myTimestamp="1534100927161" />
          </method>
        </configuration>
        <configuration default="true" type="AndroidTestRunConfigurationType" factoryName="Android Instrumented Tests">
          <option name="TESTING_TYPE" value="0" />
          <option name="INSTRUMENTATION_RUNNER_CLASS" value="" />
          <option name="METHOD_NAME" value="" />
          <option name="CLASS_NAME" value="" />
          <option name="PACKAGE_NAME" value="" />
          <option name="EXTRA_OPTIONS" value="" />
          <option name="CLEAR_LOGCAT" value="false" />
          <option name="SHOW_LOGCAT_AUTOMATICALLY" value="false" />
          <option name="SKIP_NOOP_APK_INSTALLATIONS" value="true" />
          <option name="FORCE_STOP_RUNNING_APP" value="true" />
          <option name="TARGET_SELECTION_MODE" value="SHOW_DIALOG" />
          <option name="USE_LAST_SELECTED_DEVICE" value="false" />
          <option name="PREFERRED_AVD" value="" />
          <option name="DEBUGGER_TYPE" value="Auto" />
          <Auto>
            <option name="USE_JAVA_AWARE_DEBUGGER" value="false" />
            <option name="SHOW_STATIC_VARS" value="true" />
            <option name="WORKING_DIR" value="" />
            <option name="TARGET_LOGGING_CHANNELS" value="lldb process:gdb-remote packets" />
            <option name="SHOW_OPTIMIZED_WARNING" value="true" />
          </Auto>
          <Hybrid>
            <option name="USE_JAVA_AWARE_DEBUGGER" value="false" />
            <option name="SHOW_STATIC_VARS" value="true" />
            <option name="WORKING_DIR" value="" />
            <option name="TARGET_LOGGING_CHANNELS" value="lldb process:gdb-remote packets" />
            <option name="SHOW_OPTIMIZED_WARNING" value="true" />
          </Hybrid>
          <Java />
          <Native>
            <option name="USE_JAVA_AWARE_DEBUGGER" value="false" />
            <option name="SHOW_STATIC_VARS" value="true" />
            <option name="WORKING_DIR" value="" />
            <option name="TARGET_LOGGING_CHANNELS" value="lldb process:gdb-remote packets" />
            <option name="SHOW_OPTIMIZED_WARNING" value="true" />
          </Native>
          <Profilers>
            <option name="ADVANCED_PROFILING_ENABLED" value="false" />
            <option name="STARTUP_CPU_PROFILING_ENABLED" value="false" />
            <option name="STARTUP_CPU_PROFILING_CONFIGURATION_NAME" value="Sample Java Methods" />
          </Profilers>
          <method v="2">
            <option name="Android.Gradle.BeforeRunTask" enabled="true" />
            <option name="com.android.instantApps.provision.BeforeRunTask" enabled="true" clearCache="false" clearProvisionedDevices="false" myTimestamp="1534100927167" />
          </method>
        </configuration>
        <configuration default="true" type="Application" factoryName="Application">
          <option name="WORKING_DIRECTORY" value="$PROJECT_DIR$" />
          <method v="2">
            <option name="Make" enabled="true" />
          </method>
        </configuration>
        <configuration default="true" type="TestNG">
          <option name="TEST_OBJECT" value="CLASS" />
          <option name="WORKING_DIRECTORY" value="$MODULE_DIR$" />
          <properties />
          <listeners />
          <method v="2">
            <option name="Make" enabled="true" />
          </method>
        </configuration>
      </component>
      <component name="masterDetails">
        <states>
          <state key="ProjectJDKs.UI">
            <settings>
              <last-edited>1.8</last-edited>
              <splitter-proportions>
                <option name="proportions">
                  <list>
                    <option value="0.2" />
                  </list>
                </option>
              </splitter-proportions>
            </settings>
          </state>
          <state key="ScopeChooserConfigurable.UI">
            <settings>
              <splitter-proportions>
                <option name="proportions">
                  <list>
                    <option value="0.2" />
                  </list>
                </option>
              </splitter-proportions>
            </settings>
          </state>
        </states>
      </component>
    </defaultProject>
  </component>
</application>